{"cameraMode":{"drawMode":0,"name":"Shaded","section":"Shading Mode"},"sceneLighting":true,"audioPlay":false,"sceneViewState":{"m_AlwaysRefresh":false,"showFog":true,"showSkybox":true,"showFlares":true,"showImageEffects":true,"showParticleSystems":true,"showVisualEffectGraphs":true,"m_FxEnabled":true},"in2DMode":false,"pivot":{"x":0.46700406074523928,"y":0.15999555587768556,"z":-0.03791385889053345},"rotation":{"x":-0.17069758474826814,"y":0.7130942940711975,"z":-0.18612152338027955,"w":-0.6540006399154663},"size":2.313295602798462,"orthographic":false}